ID,First Name,Last Name,Email adress,Phone number,Birthday
1,Pablo,Castañeda,pablo.1.gmail.com,1111111111,1997-12-31
2,David,Santander,david.1.gmail.com,2222222222,1995-12-30
3,Pablo,Castañeda,pablo.1.gmail.com,1111111111,1997-12-31
4,David,Santander,david.1.gmail.com,2222222222,1995-12-30
5,Pablo,Castañeda,pablo.1.gmail.com,1111111111,1997-12-31
6,David,Santander,david.1.gmail.com,2222222222,1995-12-30
7,David,Barredo,david.2.gmail.com,3333333333,1985-05-25
8,Pablo,Castañeda,pablo.1.gmail.com,1111111111,1997-12-31
9,David,Santander,david.1.gmail.com,2222222222,1995-12-30
10,David,Barredo,david.2.gmail.com,3333333333,1985-05-25
11,Pablo,Castañeda,pablo.1.gmail.com,1111111111,1997-12-31
12,David,Santander,david.1.gmail.com,2222222222,1995-12-30
13,David,Barredo,david.2.gmail.com,3333333333,1985-05-25
